driverId,driverRef,number,code,forename,surname,dob,nationality
1,hamilton,44,HAM,Lewis,Hamilton,1/7/85,British
2,heidfeld,0,HEI,Nick,Heidfeld,5/10/77,German
3,rosberg,6,ROS,Nico,Rosberg,6/27/85,German
4,alonso,14,ALO,Fernando,Alonso,7/29/81,Spanish
5,kovalainen,0,KOV,Heikki,Kovalainen,10/19/81,Finnish
6,nakajima,0,NAK,Kazuki,Nakajima,1/11/85,Japanese
7,bourdais,0,BOU,Sebastien,Bourdais,2/28/79,French
8,raikkonen,7,RAI,Kimi,Raikkonen,10/17/79,Finnish
9,kubica,88,KUB,Robert,Kubica,12/7/84,Polish
10,glock,0,GLO,Timo,Glock,3/18/82,German
11,sato,0,SAT,Takuma,Sato,1/28/77,Japanese
12,piquet_jr,0,PIQ,Nelson,Piquet Jr.,7/25/85,Brazilian
13,massa,19,MAS,Felipe,Massa,4/25/81,Brazilian
14,coulthard,0,COU,David,Coulthard,3/27/71,British
15,trulli,0,TRU,Jarno,Trulli,7/13/74,Italian
16,sutil,99,SUT,Adrian,Sutil,1/11/83,German
17,webber,0,WEB,Mark,Webber,8/27/76,Australian
18,button,22,BUT,Jenson,Button,1/19/80,British
19,davidson,0,DAV,Anthony,Davidson,4/18/79,British
20,vettel,5,VET,Sebastian,Vettel,7/3/87,German
21,fisichella,0,FIS,Giancarlo,Fisichella,1/14/73,Italian
22,barrichello,0,BAR,Rubens,Barrichello,5/23/72,Brazilian
23,ralf_schumacher,0,SCH,Ralf,Schumacher,6/30/75,German
24,liuzzi,0,LIU,Vitantonio,Liuzzi,8/6/80,Italian
25,wurz,0,WUR,Alexander,Wurz,2/15/74,Austrian
26,speed,0,SPE,Scott,Speed,1/24/83,American
27,albers,0,ALB,Christijan,Albers,4/16/79,Dutch
28,markus_winkelhock,0,WIN,Markus,Winkelhock,6/13/80,German
29,yamamoto,0,YAM,Sakon,Yamamoto,7/9/82,Japanese
30,michael_schumacher,0,MSC,Michael,Schumacher,1/3/69,German
31,montoya,0,MON,Juan,Pablo Montoya,9/20/75,Colombian
32,klien,0,KLI,Christian,Klien,2/7/83,Austrian
33,monteiro,0,TMO,Tiago,Monteiro,7/24/76,Portuguese
34,ide,0,IDE,Yuji,Ide,1/21/75,Japanese
35,villeneuve,0,VIL,Jacques,Villeneuve,4/9/71,Canadian
36,montagny,0,FMO,Franck,Montagny,1/5/78,French
37,rosa,0,DLR,Pedro,de la Rosa,2/24/71,Spanish
38,doornbos,0,DOO,Robert,Doornbos,9/23/81,Dutch
39,karthikeyan,0,KAR,Narain,Karthikeyan,1/14/77,Indian
40,friesacher,0,FRI,Patrick,Friesacher,9/26/80,Austrian
41,zonta,0,ZON,Ricardo,Zonta,3/23/76,Brazilian
42,pizzonia,0,PIZ,Antonio,Pizzonia,9/11/80,Brazilian
43,matta,0,0,Cristiano,da Matta,9/19/73,Brazilian
44,panis,0,0,Olivier,Panis,9/2/66,French
45,pantano,0,0,Giorgio,Pantano,2/4/79,Italian
46,bruni,0,0,Gianmaria,Bruni,5/30/81,Italian
47,baumgartner,0,0,Zsolt,Baumgartner,1/1/81,Hungarian
48,gene,0,0,Marc,Gene,3/29/74,Spanish
49,frentzen,0,0,Heinz-Harald,Frentzen,5/18/67,German
50,verstappen,0,0,Jos,Verstappen,3/4/72,Dutch
51,wilson,0,0,Justin,Wilson,7/31/78,British
52,firman,0,0,Ralph,Firman,5/20/75,Irish
53,kiesa,0,0,Nicolas,Kiesa,3/3/78,Danish
54,burti,0,0,Luciano,Burti,3/5/75,Brazilian
55,alesi,0,0,Jean,Alesi,6/11/64,French
56,irvine,0,0,Eddie,Irvine,11/10/65,British
57,hakkinen,0,0,Mika,Hakkinen,9/28/68,Finnish
58,marques,0,0,Tarso,Marques,1/19/76,Brazilian
59,bernoldi,0,0,Enrique,Bernoldi,10/19/78,Brazilian
60,mazzacane,0,0,Gaston,Mazzacane,5/8/75,Argentine
61,enge,0,0,Tomas,Enge,9/11/76,Czech
62,yoong,0,0,Alex,Yoong,7/20/76,Malaysian
63,salo,0,0,Mika,Salo,11/30/66,Finnish
64,diniz,0,0,Pedro,Diniz,5/22/70,Brazilian
65,herbert,0,0,Johnny,Herbert,6/25/64,British
66,mcnish,0,0,Allan,McNish,12/29/69,British
67,buemi,0,BUE,Sebastien,Buemi,10/31/88,Swiss
68,takagi,0,0,Toranosuke,Takagi,2/12/74,Japanese
69,badoer,0,BAD,Luca,Badoer,1/25/71,Italian
70,zanardi,0,0,Alessandro,Zanardi,10/23/66,Italian
71,damon_hill,0,0,Damon,Hill,9/17/60,British
72,sarrazin,0,0,Stephane,Sarrazin,11/2/75,French
73,rosset,0,0,Ricardo,Rosset,7/27/68,Brazilian
74,tuero,0,0,Esteban,Tuero,4/22/78,Argentine
75,nakano,0,0,Shinji,Nakano,4/1/71,Japanese
76,magnussen,0,MAG,Jan,Magnussen,7/4/73,Danish
77,berger,0,0,Gerhard,Berger,8/27/59,Austrian
78,larini,0,0,Nicola,Larini,3/19/64,Italian
79,katayama,0,0,Ukyo,Katayama,5/29/63,Japanese
80,sospiri,0,0,Vincenzo,Sospiri,10/7/66,Italian
81,morbidelli,0,0,Gianni,Morbidelli,1/13/68,Italian
82,fontana,0,0,Norberto,Fontana,1/20/75,Argentine
83,lamy,0,0,Pedro,Lamy,3/20/72,Portuguese
84,brundle,0,0,Martin,Brundle,6/1/59,British
85,montermini,0,0,Andrea,Montermini,5/30/64,Italian
86,lavaggi,0,0,Giovanni,Lavaggi,2/18/58,Italian
87,blundell,0,0,Mark,Blundell,4/8/66,British
88,suzuki,0,0,Aguri,Suzuki,9/8/60,Japanese
89,inoue,0,0,Taki,Inoue,9/5/63,Japanese
90,moreno,0,0,Roberto,Moreno,2/11/59,Brazilian
91,wendlinger,0,0,Karl,Wendlinger,12/20/68,Austrian
92,gachot,0,0,Bertrand,Gachot,12/23/62,Belgian
93,schiattarella,0,0,Domenico,Schiattarella,11/17/67,Italian
94,martini,0,0,Pierluigi,Martini,4/23/61,Italian
95,mansell,0,0,Nigel,Mansell,8/8/53,British
96,boullion,0,0,Jean-Christophe,Boullion,12/27/69,French
97,papis,0,0,Massimiliano,Papis,10/3/69,Italian
98,deletraz,0,0,Jean-Denis,Deletraz,10/1/63,Swiss
99,tarquini,0,0,Gabriele,Tarquini,3/2/62,Italian
100,comas,0,0,Erik,Comas,9/28/63,French
101,brabham,0,0,David,Brabham,9/5/65,Australian
102,senna,0,0,Ayrton,Senna,3/21/60,Brazilian
103,bernard,0,0,Eric,Bernard,8/24/64,French
104,fittipaldi,0,0,Christian,Fittipaldi,1/18/71,Brazilian
105,alboreto,0,0,Michele,Alboreto,12/23/56,Italian
106,beretta,0,0,Olivier,Beretta,11/23/69,Monegasque
107,ratzenberger,0,0,Roland,Ratzenberger,7/4/60,Austrian
108,belmondo,0,0,Paul,Belmondo,4/23/63,French
109,lehto,0,0,Jyrki,Jarvilehto,1/31/66,Finnish
110,cesaris,0,0,Andrea,de Cesaris,5/31/59,Italian
111,gounon,0,0,Jean-Marc,Gounon,1/1/63,French
112,alliot,0,0,Philippe,Alliot,7/27/54,French
113,adams,0,0,Philippe,Adams,11/19/69,Belgian
114,dalmas,0,0,Yannick,Dalmas,7/28/61,French
115,noda,0,0,Hideki,Noda,3/7/69,Japanese
116,lagorce,0,0,Franck,Lagorce,9/1/68,French
117,prost,0,0,Alain,Prost,2/24/55,French
118,warwick,0,0,Derek,Warwick,8/27/54,British
119,patrese,0,0,Riccardo,Patrese,4/17/54,Italian
120,barbazza,0,0,Fabrizio,Barbazza,4/2/63,Italian
121,andretti,0,0,Michael,Andretti,10/5/62,American
122,capelli,0,0,Ivan,Capelli,5/24/63,Italian
123,boutsen,0,0,Thierry,Boutsen,7/13/57,Belgian
124,apicella,0,0,Marco,Apicella,10/7/65,Italian
125,naspetti,0,0,Emanuele,Naspetti,2/24/68,Italian
126,toshio_suzuki,0,0,Toshio,Suzuki,3/10/55,Japanese
127,gugelmin,0,0,Mauricio,Gugelmin,4/20/63,Brazilian
128,poele,0,0,Eric,van de Poele,9/30/61,Belgian
129,grouillard,0,0,Olivier,Grouillard,9/2/58,French
130,chiesa,0,0,Andrea,Chiesa,5/6/64,Swiss
131,modena,0,0,Stefano,Modena,5/12/63,Italian
132,amati,0,0,Giovanna,Amati,7/20/59,Italian
133,caffi,0,0,Alex,Caffi,3/18/64,Italian
134,bertaggia,0,0,Enrico,Bertaggia,9/19/64,Italian
135,mccarthy,0,0,Perry,McCarthy,3/3/61,British
136,lammers,0,0,Jan,Lammers,6/2/56,Dutch
137,piquet,0,0,Nelson,Piquet,8/17/52,Brazilian
138,satoru_nakajima,0,0,Satoru,Nakajima,2/23/53,Japanese
139,pirro,0,0,Emanuele,Pirro,1/12/62,Italian
140,johansson,0,0,Stefan,Johansson,9/8/56,Swedish
141,bailey,0,0,Julian,Bailey,10/9/61,British
142,chaves,0,0,Pedro,Chaves,2/27/65,Portuguese
143,bartels,0,0,Michael,Bartels,3/8/68,German
144,hattori,0,0,Naoki,Hattori,6/13/66,Japanese
145,nannini,0,0,Alessandro,Nannini,7/7/59,Italian
146,schneider,0,0,Bernd,Schneider,7/20/64,German
147,barilla,0,0,Paolo,Barilla,4/20/61,Italian
148,foitek,0,0,Gregor,Foitek,3/27/65,Swiss
149,langes,0,0,Claudio,Langes,7/20/60,Italian
150,gary_brabham,0,0,Gary,Brabham,3/29/61,Australian
151,donnelly,0,0,Martin,Donnelly,3/26/64,British
152,giacomelli,0,0,Bruno,Giacomelli,9/10/52,Italian
153,alguersuari,0,ALG,Jaime,Alguersuari,3/23/90,Spanish
154,grosjean,8,GRO,Romain,Grosjean,4/17/86,French
155,kobayashi,10,KOB,Kamui,Kobayashi,9/13/86,Japanese
156,palmer,0,0,Jonathan,Palmer,11/7/56,British
157,danner,0,0,Christian,Danner,4/4/58,German
158,cheever,0,0,Eddie,Cheever,1/10/58,American
159,sala,0,0,Luis,Perez-Sala,5/15/59,Spanish
160,ghinzani,0,0,Piercarlo,Ghinzani,1/16/52,Italian
161,weidler,0,0,Volker,Weidler,3/18/62,German
162,raphanel,0,0,Pierre-Henri,Raphanel,5/27/61,French
163,arnoux,0,0,Rene,Arnoux,7/4/48,French
164,joachim_winkelhock,0,0,Joachim,Winkelhock,10/24/60,German
165,larrauri,0,0,Oscar,Larrauri,8/19/54,Argentine
166,streiff,0,0,Philippe,Streiff,6/26/55,French
167,campos,0,0,Adrian,Campos,6/17/60,Spanish
168,schlesser,0,0,Jean-Louis,Schlesser,9/12/48,French
169,fabre,0,0,Pascal,Fabre,1/9/60,French
170,fabi,0,0,Teo,Fabi,3/9/55,Italian
171,forini,0,0,Franco,Forini,9/22/58,Swiss
172,laffite,0,0,Jacques,Laffite,11/21/43,French
173,angelis,0,0,Elio,de Angelis,3/26/58,Italian
174,dumfries,0,0,Johnny,Dumfries,4/26/58,British
175,tambay,0,0,Patrick,Tambay,6/25/49,French
176,surer,0,0,Marc,Surer,9/18/51,Swiss
177,keke_rosberg,0,0,Keke,Rosberg,12/6/48,Finnish
178,jones,0,0,Alan,Jones,11/2/46,Australian
179,rothengatter,0,0,Huub,Rothengatter,10/8/54,Dutch
180,berg,0,0,Allen,Berg,8/1/61,Canadian
181,manfred_winkelhock,0,0,Manfred,Winkelhock,10/6/51,German
182,lauda,0,0,Niki,Lauda,2/22/49,Austrian
183,hesnault,0,0,Francois,Hesnault,12/30/56,French
184,baldi,0,0,Mauro,Baldi,1/31/54,Italian
185,bellof,0,0,Stefan,Bellof,11/20/57,German
186,acheson,0,0,Kenny,Acheson,11/27/57,British
187,watson,0,0,John,Watson,5/4/46,British
188,cecotto,0,0,Johnny,Cecotto,1/25/56,Venezuelan
189,gartner,0,0,Jo,Gartner,1/24/54,Austrian
190,corrado_fabi,0,0,Corrado,Fabi,4/12/61,Italian
191,thackwell,0,0,Mike,Thackwell,3/30/61,New Zealander
192,serra,0,0,Chico,Serra,2/3/57,Brazilian
193,sullivan,0,0,Danny,Sullivan,3/9/50,American
194,salazar,0,0,Eliseo,Salazar,11/14/54,Chilean
195,guerrero,0,0,Roberto,Guerrero,11/16/58,Colombian
196,boesel,0,0,Raul,Boesel,12/4/57,Brazilian
197,jarier,0,0,Jean-Pierre,Jarier,7/10/46,French
198,villeneuve_sr,0,0,Jacques,Villeneuve Sr.,11/4/53,Canadian
199,reutemann,0,0,Carlos,Reutemann,4/12/42,Argentine
200,mass,0,0,Jochen,Mass,9/30/46,German
201,borgudd,0,0,Slim,Borgudd,11/25/46,Swedish
202,pironi,0,0,Didier,Pironi,3/26/52,French
203,gilles_villeneuve,0,0,Gilles,Villeneuve,1/18/50,Canadian
204,paletti,0,0,Riccardo,Paletti,6/15/58,Italian
205,henton,0,0,Brian,Henton,9/19/46,British
206,daly,0,0,Derek,Daly,3/11/53,Irish
207,mario_andretti,0,0,Mario,Andretti,2/28/40,American
208,villota,0,0,Emilio,de Villota,7/26/46,Spanish
209,lees,0,0,Geoff,Lees,5/1/51,British
210,byrne,0,0,Tommy,Byrne,5/6/58,Irish
211,keegan,0,0,Rupert,Keegan,2/26/55,British
212,rebaque,0,0,Hector,Rebaque,2/5/56,Mexican
213,gabbiani,0,0,Beppe,Gabbiani,1/2/57,Italian
214,cogan,0,0,Kevin,Cogan,3/31/56,American
215,guerra,0,0,Miguel Angel,Guerra,8/31/53,Argentine
216,stohr,0,0,Siegfried,Stohr,10/10/52,Italian
217,zunino,0,0,Ricardo,Zunino,4/13/49,Argentine
218,londono,0,0,Ricardo,Londono,8/8/49,Colombian
219,jabouille,0,0,Jean-Pierre,Jabouille,10/1/42,French
220,francia,0,0,Giorgio,Francia,11/8/47,Italian
221,depailler,0,0,Patrick,Depailler,8/9/44,French
222,scheckter,0,0,Jody,Scheckter,1/29/50,South African
223,regazzoni,0,0,Clay,Regazzoni,9/5/39,Swiss
224,emerson_fittipaldi,0,0,Emerson,Fittipaldi,12/12/46,Brazilian
225,kennedy,0,0,Dave,Kennedy,1/15/53,Irish
226,south,0,0,Stephen,South,2/19/52,British
227,needell,0,0,Tiff,Needell,10/29/51,British
228,desire_wilson,0,0,Desire,Wilson,11/26/53,South African
229,ertl,0,0,Harald,Ertl,8/31/48,Austrian
230,brambilla,0,0,Vittorio,Brambilla,11/11/37,Italian
231,hunt,0,0,James,Hunt,8/29/47,British
232,merzario,0,0,Arturo,Merzario,3/11/43,Italian
233,stuck,0,0,Hans-Joachim,Stuck,1/1/51,German
234,brancatelli,0,0,Gianfranco,Brancatelli,1/18/50,Italian
235,ickx,0,0,Jacky,Ickx,1/1/45,Belgian
236,gaillard,0,0,Patrick,Gaillard,2/12/52,French
237,ribeiro,0,0,Alex,Ribeiro,11/7/48,Brazilian
238,peterson,0,0,Ronnie,Peterson,2/14/44,Swedish
239,lunger,0,0,Brett,Lunger,11/14/45,American
240,ongais,0,0,Danny,Ongais,5/21/42,American
241,leoni,0,0,Lamberto,Leoni,5/24/53,Italian
242,galica,0,0,Divina,Galica,8/13/44,British
243,stommelen,0,0,Rolf,Stommelen,7/11/43,German
244,colombo,0,0,Alberto,Colombo,2/23/46,Italian
245,trimmer,0,0,Tony,Trimmer,1/24/43,British
246,binder,0,0,Hans,Binder,6/12/48,Austrian
247,bleekemolen,0,0,Michael,Bleekemolen,10/2/49,Dutch
248,gimax,0,0,Carlo,Franchi,1/1/38,Italian
249,rahal,0,0,Bobby,Rahal,1/10/53,American
250,pace,0,0,Carlos,Pace,10/6/44,Brazilian
251,ian_scheckter,0,0,Ian,Scheckter,8/22/47,South African
252,pryce,0,0,Tom,Pryce,6/11/49,British
253,hoffmann,0,0,Ingo,Hoffmann,2/28/53,Brazilian
254,zorzi,0,0,Renzo,Zorzi,12/12/46,Italian
255,nilsson,0,0,Gunnar,Nilsson,11/20/48,Swedish
256,perkins,0,0,Larry,Perkins,3/18/50,Australian
257,hayje,0,0,Boy,Lunger,5/3/49,Dutch
258,neve,0,0,Patrick,Neve,10/13/49,Belgian
259,purley,0,0,David,Purley,1/26/45,British
260,andersson,0,0,Conny,Andersson,12/28/39,Swedish
261,dryver,0,0,Bernard,de Dryver,9/19/52,Belgian
262,oliver,0,0,Jackie,Oliver,8/14/42,British
263,kozarowitzky,0,0,Mikko,Kozarowitzky,5/17/48,Finnish
264,sutcliffe,0,0,Andy,Sutcliffe,5/9/47,British
265,edwards,0,0,Guy,Edwards,12/30/42,British
266,mcguire,0,0,Brian,McGuire,12/13/45,Australian
267,schuppan,0,0,Vern,Schuppan,3/19/43,Australian
268,heyer,0,0,Hans,Heyer,3/16/43,German
269,pilette,0,0,Teddy,Pilette,7/26/42,Belgian
270,ashley,0,0,Ian,Ashley,10/26/47,British
271,kessel,0,0,Loris,Kessel,4/1/50,Swiss
272,takahashi,0,0,Kunimitsu,Takahashi,1/29/40,Japanese
273,hoshino,0,0,Kazuyoshi,Hoshino,7/1/47,Japanese
274,takahara,0,0,Noritake,Takahara,6/6/51,Japanese
275,lombardi,0,0,Lella,Lombardi,3/26/41,Italian
276,evans,0,0,Bob,Evans,6/11/47,British
277,leclere,0,0,Michel,Leclere,3/18/46,French
278,amon,0,0,Chris,Amon,7/20/43,New Zealander
279,zapico,0,0,Emilio,Zapico,5/27/44,Spanish
280,pescarolo,0,0,Henri,Pescarolo,9/25/42,French
281,nelleman,0,0,Jac,Nelleman,4/19/44,Danish
282,magee,0,0,Damien,Magee,11/17/45,British
283,wilds,0,0,Mike,Wilds,1/7/46,British
284,pesenti_rossi,0,0,Alessandro,Pesenti-Rossi,8/31/42,Italian
285,stuppacher,0,0,Otto,Stuppacher,3/3/47,Austrian
286,brown,0,0,Warwick,Brown,12/24/49,Australian
287,hasemi,0,0,Masahiro,Hasemi,11/13/45,Japanese
288,donohue,0,0,Mark,Donohue,3/18/37,American
289,hill,0,0,Graham,Hill,2/15/29,British
290,wilson_fittipaldi,0,0,Wilson,Fittipaldi,12/25/43,Brazilian
291,tunmer,0,0,Guy,Tunmer,12/1/48,South African
292,keizan,0,0,Eddie,Keizan,9/12/44,South African
293,charlton,0,0,Dave,Charlton,10/27/36,South African
294,brise,0,0,Tony,Brise,3/28/52,British
295,wunderink,0,0,Roelof,Wunderink,12/12/48,Dutch
296,migault,0,0,Francois,Migault,12/4/44,French
297,palm,0,0,Torsten,Palm,7/23/47,Swedish
298,lennep,0,0,Gijs,van Lennep,3/16/42,Dutch
299,fushida,0,0,Hiroshi,Fushida,3/10/46,Japanese
300,nicholson,0,0,John,Nicholson,10/6/41,New Zealander
301,morgan,0,0,Dave,Morgan,8/7/44,British
302,crawford,0,0,Jim,Crawford,2/13/48,British
303,vonlanthen,0,0,Jo,Vonlanthen,5/31/42,Swiss
304,hulme,0,0,Denny,Hulme,6/18/36,New Zealander
305,hailwood,0,0,Mike,Hailwood,4/2/40,British
306,beltoise,0,0,Jean-Pierre,Beltoise,4/26/37,French
307,ganley,0,0,Howden,Ganley,12/24/41,New Zealander
308,robarts,0,0,Richard,Robarts,9/22/44,British
309,revson,0,0,Peter,Revson,2/27/39,American
310,driver,0,0,Paddy,Driver,5/13/34,South African
311,belso,0,0,Tom,Belso,8/27/42,Danish
312,redman,0,0,Brian,Redman,3/9/37,British
313,opel,0,0,Rikky,von Opel,10/14/47,Liechtensteiner
314,schenken,0,0,Tim,Schenken,9/26/43,Australian
315,larrousse,0,0,Gerard,Larrousse,5/23/40,French
316,kinnunen,0,0,Leo,Kinnunen,8/5/43,Finnish
317,wisell,0,0,Reine,Wisell,9/30/41,Swedish
318,roos,0,0,Bertil,Roos,10/12/43,Swedish
319,dolhem,0,0,Jose,Dolhem,4/26/44,French
320,gethin,0,0,Peter,Gethin,2/21/40,British
321,bell,0,0,Derek,Bell,10/31/41,British
322,hobbs,0,0,David,Hobbs,6/9/39,British
323,quester,0,0,Dieter,Quester,5/30/39,Austrian
324,koinigg,0,0,Helmuth,Koinigg,11/3/48,Austrian
325,facetti,0,0,Carlo,Facetti,6/26/35,Italian
326,wietzes,0,0,Eppie,Wietzes,5/28/38,Canadian
327,cevert,0,0,Francois,Cevert,2/25/44,French
328,stewart,0,0,Jackie,Stewart,6/11/39,British
329,beuttler,0,0,Mike,Beuttler,4/13/40,British
330,galli,0,0,Nanni,Galli,10/2/40,Italian
331,bueno,0,0,Luiz,Bueno,1/16/37,Brazilian
332,follmer,0,0,George,Follmer,1/27/34,American
333,adamich,0,0,Andrea,de Adamich,10/3/41,Italian
334,pretorius,0,0,Jackie,Pretorius,11/22/34,South African
335,williamson,0,0,Roger,Williamson,2/2/48,British
336,mcrae,0,0,Graham,McRae,3/5/40,New Zealander
337,marko,0,0,Helmut,Marko,4/27/43,Austrian
338,walker,0,0,David,Walker,6/10/41,Australian
339,roig,0,0,Alex,Soler-Roig,10/29/32,Spanish
340,love,0,0,John,Love,12/7/24,Rhodesian
341,surtees,0,0,John,Surtees,2/11/34,British
342,barber,0,0,Skip,Barber,11/16/36,American
343,brack,0,0,Bill,Brack,12/26/35,Canadian
344,posey,0,0,Sam,Posey,5/26/44,American
345,rodriguez,0,0,Pedro,Rodriguez,1/18/40,Mexican
346,siffert,0,0,Jo,Siffert,7/7/36,Swiss
347,bonnier,0,0,Jo,Bonnier,1/31/30,Swedish
348,mazet,0,0,Francois,Mazet,2/24/43,French
349,jean,0,0,Max,Jean,7/27/43,French
350,elford,0,0,Vic,Elford,6/10/35,British
351,moser,0,0,Silvio,Moser,4/24/41,Swiss
352,eaton,0,0,George,Eaton,11/12/45,Canadian
353,lovely,0,0,Pete,Lovely,4/11/26,American
354,craft,0,0,Chris,Craft,11/17/39,British
355,Cannoc,0,0,John,Cannon,6/21/33,Canadian
356,jack_brabham,0,0,Jack,Brabham,4/2/26,Australian
357,miles,0,0,John,Miles,6/14/43,British
358,rindt,0,0,Jochen,Rindt,4/18/42,Austrian
359,gavin,0,0,Johnny,Servoz-Gavin,1/18/42,French
360,mclaren,0,0,Bruce,McLaren,8/30/37,New Zealander
361,courage,0,0,Piers,Courage,5/27/42,British
362,klerk,0,0,Peter,de Klerk,3/16/35,South African
363,giunti,0,0,Ignazio,Giunti,8/30/41,Italian
364,gurney,0,0,Dan,Gurney,4/13/31,American
365,hahne,0,0,Hubert,Hahne,3/28/35,German
366,hutchison,0,0,Gus,Hutchison,4/26/37,American
367,westbury,0,0,Peter,Westbury,5/26/38,British
368,tingle,0,0,Sam,Tingle,8/24/21,Rhodesian
369,rooyen,0,0,Basil,van Rooyen,4/19/39,South African
370,attwood,0,0,Richard,Attwood,4/4/40,British
371,pease,0,0,Al,Pease,10/15/21,Canadian
372,cordts,0,0,John,Cordts,7/23/35,Canadian
373,clark,0,0,Jim,Clark,3/4/36,British
374,spence,0,0,Mike,Spence,12/30/36,British
375,scarfiotti,0,0,Ludovico,Scarfiotti,10/18/33,Italian
376,bianchi,0,BIA,Lucien,Bianchi,11/10/34,Belgian
377,jo_schlesser,0,0,Jo,Schlesser,5/18/28,French
378,widdows,0,0,Robin,Widdows,5/27/42,British
379,ahrens,0,0,Kurt,Ahrens,4/19/40,German
380,gardner,0,0,Frank,Gardner,10/1/30,Australian
381,unser,0,0,Bobby,Unser,2/20/34,American
382,solana,0,0,Moises,Solana,12/26/35,Mexican
383,anderson,0,0,Bob,Anderson,5/19/31,British
384,botha,0,0,Luki,Botha,1/16/30,South African
385,bandini,0,0,Lorenzo,Bandini,12/21/35,Italian
386,ginther,0,0,Richie,Ginther,8/5/30,American
387,parkes,0,0,Mike,Parkes,9/24/31,British
388,irwin,0,0,Chris,Irwin,6/27/42,British
389,ligier,0,0,Guy,Ligier,7/12/30,French
390,rees,0,0,Alan,Rees,1/12/38,British
391,hart,0,0,Brian,Hart,9/7/36,British
392,fisher,0,0,Mike,Fisher,3/13/43,American
393,tom_jones,0,0,Tom,Jones,4/26/43,American
394,baghetti,0,0,Giancarlo,Baghetti,12/25/34,Italian
395,williams,0,0,Jonathan,Williams,10/26/42,British
396,bondurant,0,0,Bob,Bondurant,4/27/33,American
397,arundell,0,0,Peter,Arundell,11/8/33,British
398,vic_wilson,0,0,Vic,Wilson,4/14/31,British
399,taylor,0,0,John,Taylor,3/23/33,British
400,lawrence,0,0,Chris,Lawrence,7/27/33,British
401,trevor_taylor,0,0,Trevor,Taylor,12/26/36,British
402,geki,0,0,Giacomo,Russo,10/23/37,Italian
403,phil_hill,0,0,Phil,Hill,4/20/27,American
404,ireland,0,0,Innes,Ireland,6/12/30,British
405,bucknum,0,0,Ronnie,Bucknum,4/5/36,American
406,hawkins,0,0,Paul,Hawkins,10/12/37,Australian
407,prophet,0,0,David,Prophet,10/9/37,British
408,maggs,0,0,Tony,Maggs,2/9/37,South African
409,blokdyk,0,0,Trevor,Blokdyk,11/30/35,South African
410,lederle,0,0,Neville,Lederle,9/25/38,South African
411,serrurier,0,0,Doug,Serrurier,12/9/20,South African
412,niemann,0,0,Brausch,Niemann,1/7/39,South African
413,pieterse,0,0,Ernie,Pieterse,7/4/38,South African
414,puzey,0,0,Clive,Puzey,7/11/41,Rhodesian
415,reed,0,0,Ray,Reed,4/30/32,South African
416,clapham,0,0,David,Clapham,5/18/31,South African
417,blignaut,0,0,Alex,Blignaut,11/30/32,South African
418,gregory,0,0,Masten,Gregory,2/29/32,American
419,rhodes,0,0,John,Rhodes,8/18/27,British
420,raby,0,0,Ian,Raby,9/22/21,British
421,rollinson,0,0,Alan,Rollinson,5/15/43,British
422,gubby,0,0,Brian,Gubby,4/17/34,British
423,mitter,0,0,Gerhard,Mitter,8/30/35,German
424,bussinello,0,0,Roberto,Bussinello,10/4/27,Italian
425,vaccarella,0,0,Nino,Vaccarella,3/4/33,Italian
426,bassi,0,0,Giorgio,Bassi,1/20/34,Italian
427,trintignant,0,0,Maurice,Trintignant,10/30/17,French
428,collomb,0,0,Bernard,Collomb,10/7/30,French
429,andre_pilette,0,0,Andre,Pilette,10/6/18,Belgian
430,beaufort,0,0,Carel Godin,de Beaufort,4/10/34,Dutch
431,barth,0,0,Edgar,Barth,1/26/17,German
432,cabral,0,0,Mario de Araujo,Cabral,1/15/34,Portuguese
433,hansgen,0,0,Walt,Hansgen,10/28/19,American
434,sharp,0,0,Hap,Sharp,1/1/28,American
435,mairesse,0,0,Willy,Mairesse,10/1/28,Belgian
436,campbell-jones,0,0,John,Campbell-Jones,1/21/30,British
437,burgess,0,0,Ian,Burgess,7/6/30,British
438,settember,0,0,Tony,Settember,7/10/26,American
439,estefano,0,0,Nasif,Estefano,11/18/32,Argentine
440,hall,0,0,Jim,Hall,7/23/35,American
441,parnell,0,0,Tim,Parnell,6/25/32,British
442,kuhnke,0,0,Kurt,Kuhnke,4/30/10,German
443,ernesto_brambilla,0,0,Ernesto,Brambilla,1/31/34,Italian
444,lippi,0,0,Roberto,Lippi,10/17/26,Italian
445,seiffert,0,0,Gunther,Seiffert,10/18/37,German
446,abate,0,0,Carlo,Abate,7/10/32,Italian
447,starrabba,0,0,Gaetano,Starrabba,12/3/32,Italian
448,broeker,0,0,Peter,Broeker,5/15/26,Canadian
449,ward,0,0,Rodger,Ward,1/10/21,American
450,vos,0,0,Ernie,de Vos,7/1/41,Dutch
451,dochnal,0,0,Frank,Dochnal,10/8/20,American
452,monarch,0,0,Thomas,Monarch,9/3/45,American
842,gasly,10,GAS,Pierre,Gasly,2/7/96,French
453,lewis,0,0,Jackie,Lewis,11/1/36,British
454,ricardo_rodriguez,0,0,Ricardo,Rodriguez,2/14/42,Mexican
455,seidel,0,0,Wolfgang,Seidel,7/4/26,German
456,salvadori,0,0,Roy,Salvadori,5/12/22,British
457,pon,0,0,Ben,Pon,12/9/36,Dutch
458,slotemaker,0,0,Rob,Slotemaker,6/13/29,Dutch
459,marsh,0,0,Tony,Marsh,7/20/31,British
460,ashmore,0,0,Gerry,Ashmore,7/25/36,British
461,schiller,0,0,Heinz,Schiller,1/25/30,Swiss
462,davis,0,0,Colin,Davis,7/29/33,British
463,chamberlain,0,0,Jay,Chamberlain,12/29/25,American
464,shelly,0,0,Tony,Shelly,2/2/37,New Zealander
465,greene,0,0,Keith,Greene,1/5/38,British
466,walter,0,0,Heini,Walter,7/28/27,Swiss
467,prinoth,0,0,Ernesto,Prinoth,4/15/23,Italian
468,penske,0,0,Roger,Penske,2/20/37,American
469,schroeder,0,0,Rob,Schroeder,5/11/26,British
470,mayer,0,0,Timmy,Mayer,2/22/38,American
471,johnstone,0,0,Bruce,Johnstone,1/30/37,South African
472,harris,0,0,Mike,Harris,5/25/39,South African
473,hocking,0,0,Gary,Hocking,9/30/37,Rhodesian
474,vyver,0,0,Syd,van der Vyver,6/1/20,South African
475,moss,0,0,Stirling,Moss,9/17/29,British
476,trips,0,0,Wolfgang,von Trips,5/4/28,German
477,allison,0,0,Cliff,Allison,2/8/32,British
478,herrmann,0,0,Hans,Herrmann,2/23/28,German
479,brooks,0,0,Tony,Brooks,2/25/32,British
480,may,0,0,Michael,May,8/18/34,Swiss
481,henry_taylor,0,0,Henry,Taylor,12/16/32,British
482,gendebien,0,0,Olivier,Gendebien,1/12/24,Belgian
483,scarlatti,0,0,Giorgio,Scarlatti,10/2/21,Italian
484,naylor,0,0,Brian,Naylor,3/24/23,British
485,bordeu,0,0,Juan Manuel,Bordeu,1/28/34,Argentine
486,fairman,0,0,Jack,Fairman,3/15/13,British
487,natili,0,0,Massimo,Natili,7/28/35,Italian
488,monteverdi,0,0,Peter,Monteverdi,6/7/34,Swiss
489,pirocchi,0,0,Renato,Pirocchi,3/26/33,Italian
490,duke,0,0,Geoff,Duke,3/29/23,British
491,thiele,0,0,Alfonso,Thiele,4/5/20,American-Italian
492,boffa,0,0,Menato,Boffa,1/4/30,Italian
493,ryan,0,0,Peter,Ryan,6/10/40,Canadian
494,ruby,0,0,Lloyd,Ruby,1/12/28,American
495,ken_miles,0,0,Ken,Miles,11/1/18,British
496,menditeguy,0,0,Carlos,Menditeguy,8/10/14,Argentine
497,larreta,0,0,Alberto Rodriguez,Larreta,1/14/34,Argentine
498,gonzalez,0,0,Jose Froilan,Gonzalez,10/5/22,Argentine
499,bonomi,0,0,Roberto,Bonomi,9/30/19,Argentine
500,munaron,0,0,Gino,Munaron,4/2/28,Italian
501,schell,0,0,Harry,Schell,6/29/21,American
502,stacey,0,0,Alan,Stacey,8/29/33,British
503,chimeri,0,0,Ettore,Chimeri,6/4/21,Venezuelan
504,creus,0,0,Antonio,Creus,10/28/24,Spanish
505,bristow,0,0,Chris,Bristow,12/2/37,British
506,halford,0,0,Bruce,Halford,5/18/31,British
507,daigh,0,0,Chuck,Daigh,11/29/23,American
508,reventlow,0,0,Lance,Reventlow,2/24/36,American
509,rathmann,0,0,Jim,Rathmann,7/16/28,American
510,goldsmith,0,0,Paul,Goldsmith,10/2/25,American
511,branson,0,0,Don,Branson,6/2/20,American
512,thomson,0,0,Johnny,Thomson,4/9/22,American
513,johnson,0,0,Eddie,Johnson,2/10/19,American
514,veith,0,0,Bob,Veith,11/1/26,American
515,tingelstad,0,0,Bud,Tingelstad,4/4/28,American
516,christie,0,0,Bob,Christie,4/4/24,American
517,amick,0,0,Red,Amick,1/19/29,American
518,darter,0,0,Duane,Carter,5/5/13,American
519,homeier,0,0,Bill,Homeier,8/31/18,American
520,hartley,0,0,Gene,Hartley,1/28/26,American
521,stevenson,0,0,Chuck,Stevenson,10/15/19,American
522,grim,0,0,Bobby,Grim,9/4/24,American
523,templeman,0,0,Shorty,Templeman,8/12/19,American
524,hurtubise,0,0,Jim,Hurtubise,12/5/32,American
525,bryan,0,0,Jimmy,Bryan,1/28/26,American
526,ruttman,0,0,Troy,Ruttman,3/11/30,American
527,sachs,0,0,Eddie,Sachs,5/28/27,American
528,freeland,0,0,Don,Freeland,3/25/25,American
529,bettenhausen,0,0,Tony,Bettenhausen,9/12/16,American
530,weiler,0,0,Wayne,Weiler,12/9/34,American
531,foyt,0,0,Anthony,Foyt,1/16/35,American
532,russo,0,0,Eddie,Russo,11/19/25,American
533,boyd,0,0,Johnny,Boyd,8/19/26,American
534,force,0,0,Gene,Force,6/15/16,American
535,mcwithey,0,0,Jim,McWithey,7/4/27,American
536,sutton,0,0,Len,Sutton,8/9/25,American
537,dick_rathmann,0,0,Dick,Rathmann,1/6/24,American
538,herman,0,0,Al,Herman,3/15/27,American
539,dempsey_wilson,0,0,Dempsey,Wilson,3/11/27,American
540,mike_taylor,0,0,Mike,Taylor,4/24/34,British
541,flockhart,0,0,Ron,Flockhart,6/16/23,British
542,piper,0,0,David,Piper,12/2/30,British
543,cabianca,0,0,Giulio,Cabianca,2/19/23,Italian
544,drogo,0,0,Piero,Drogo,8/8/26,Italian
545,gamble,0,0,Fred,Gamble,3/17/32,American
546,owen,0,0,Arthur,Owen,3/23/15,British
547,gould,0,0,Horace,Gould,9/20/18,British
548,drake,0,0,Bob,Drake,12/14/19,American
549,bueb,0,0,Ivor,Bueb,6/6/23,British
550,Changy,0,0,Alain,de Changy,2/5/22,Belgian
551,filippis,0,0,Maria,de Filippis,11/11/26,Italian
552,lucienbonnet,0,0,Jean,Lucienbonnet,1/7/23,French
553,testut,0,0,Andre,Testut,4/13/26,Monegasque
554,behra,0,0,Jean,Behra,2/16/21,French
555,paul_russo,0,0,Paul,Russo,4/10/14,American
556,daywalt,0,0,Jimmy,Daywalt,8/28/24,American
557,arnold,0,0,Chuck,Arnold,5/30/26,American
558,keller,0,0,Al,Keller,4/11/20,American
559,flaherty,0,0,Pat,Flaherty,1/6/26,American
560,cheesbourg,0,0,Bill,Cheesbourg,6/12/27,American
561,ray_crawford,0,0,Ray,Crawford,10/26/15,American
562,turner,0,0,Jack,Turner,2/12/20,American
563,weyant,0,0,Chuck,Weyant,4/3/23,American
564,larson,0,0,Jud,Larson,1/21/23,American
565,magill,0,0,Mike,Magill,2/8/20,American
566,shelby,0,0,Carroll,Shelby,1/11/23,American
567,orey,0,0,Fritz,d'Orey,3/25/38,Brazilian
568,fontes,0,0,Azdrubal,Fontes,12/26/22,Uruguayan
569,ashdown,0,0,Peter,Ashdown,10/16/34,British
570,bill_moss,0,0,Bill,Moss,9/4/33,British
571,dennis_taylor,0,0,Dennis,Taylor,6/12/21,British
572,blanchard,0,0,Harry,Blanchard,6/13/29,American
573,tomaso,0,0,Alessandro,de Tomaso,7/10/28,Argentine-Italian
574,constantine,0,0,George,Constantine,2/22/18,American
575,said,0,0,Bob,Said,5/5/32,American
576,cade,0,0,Phil,Cade,6/12/16,American
577,musso,0,0,Luigi,Musso,7/28/24,Italian
578,hawthorn,0,0,Mike,Hawthorn,4/10/29,British
579,fangio,0,0,Juan,Fangio,6/24/11,Argentine
580,godia,0,0,Paco,Godia,3/21/21,Spanish
581,collins,0,0,Peter,Collins,11/6/31,British
582,kavanagh,0,0,Ken,Kavanagh,12/12/23,Australian
583,gerini,0,0,Gerino,Gerini,8/10/28,Italian
584,kessler,0,0,Bruce,Kessler,3/23/36,American
585,emery,0,0,Paul,Emery,11/12/16,British
586,piotti,0,0,Luigi,Piotti,10/27/13,Italian
587,ecclestone,0,0,Bernie,Ecclestone,10/28/30,British
588,taramazzo,0,0,Luigi,Taramazzo,5/5/32,Italian
589,chiron,0,0,Louis,Chiron,1899-08-03,Monegasque
590,lewis-evans,0,0,Stuart,Lewis-Evans,4/20/30,British
591,george_amick,0,0,George,Amick,10/24/24,American
592,reece,0,0,Jimmy,Reece,11/17/29,American
593,parsons,0,0,Johnnie,Parsons,7/4/18,American
594,tolan,0,0,Johnnie,Tolan,10/22/17,American
595,garrett,0,0,Billy,Garrett,4/24/33,American
596,elisian,0,0,Ed,Elisian,12/9/26,American
597,connor,0,0,Pat,O'Connor,10/9/28,American
598,jerry_unser,0,0,Jerry,Unser,11/15/32,American
599,bisch,0,0,Art,Bisch,11/10/26,American
600,goethals,0,0,Christian,Goethals,8/4/28,Belgian
601,gibson,0,0,Dick,Gibson,4/16/18,British
602,la_caze,0,0,Robert,La Caze,2/26/17,French
603,guelfi,0,0,Andre,Guelfi,5/6/19,French
604,picard,0,0,Francois,Picard,4/26/21,French
605,bridger,0,0,Tom,Bridger,6/24/34,British
606,portago,0,0,Alfonso,de Portago,10/11/28,Spanish
607,perdisa,0,0,Cesare,Perdisa,10/21/32,Italian
608,castellotti,0,0,Eugenio,Castellotti,10/10/30,Italian
609,simon,0,0,Andre,Simon,1/5/20,French
610,leston,0,0,Les,Leston,12/16/20,British
611,hanks,0,0,Sam,Hanks,7/13/14,American
612,linden,0,0,Andy,Linden,4/5/22,American
613,teague,0,0,Marshall,Teague,2/22/21,American
614,edmunds,0,0,Don,Edmunds,9/23/30,American
615,agabashian,0,0,Fred,Agabashian,8/21/13,American
616,george,0,0,Elmer,George,7/15/28,American
617,macdowel,0,0,Mike,MacDowel,9/13/32,British
618,mackay-fraser,0,0,Herbert,MacKay-Fraser,6/23/27,American
619,gerard,0,0,Bob,Gerard,1/19/14,British
620,maglioli,0,0,Umberto,Maglioli,6/5/28,Italian
621,england,0,0,Paul,England,3/28/29,Australian
622,landi,0,0,Chico,Landi,7/14/07,Brazilian
623,uria,0,0,Alberto,Uria,7/11/24,Uruguayan
624,ramos,0,0,Hernando,da Silva Ramos,12/7/25,Brazilian
625,bayol,0,0,Elie,Bayol,2/28/14,French
626,manzon,0,0,Robert,Manzon,4/12/17,French
627,rosier,0,0,Louis,Rosier,11/5/05,French
628,sweikert,0,0,Bob,Sweikert,5/20/26,American
629,griffith,0,0,Cliff,Griffith,2/6/16,American
630,dinsmore,0,0,Duke,Dinsmore,4/10/13,American
631,andrews,0,0,Keith,Andrews,6/15/20,American
632,frere,0,0,Paul,Frere,1/30/17,Belgian
633,villoresi,0,0,Luigi,Villoresi,5/16/09,Italian
634,scotti,0,0,Piero,Scotti,11/11/09,Italian
635,chapman,0,0,Colin,Chapman,5/19/28,British
636,titterington,0,0,Desmond,Titterington,5/1/28,British
637,scott_Brown,0,0,Archie,Scott Brown,5/13/27,British
638,volonterio,0,0,Ottorino,Volonterio,12/7/17,Swiss
639,milhoux,0,0,Andre,Milhoux,12/9/28,Belgian
640,graffenried,0,0,Toulo,de Graffenried,5/18/14,Swiss
641,taruffi,0,0,Piero,Taruffi,10/12/06,Italian
642,farina,0,0,Nino,Farina,10/30/06,Italian
643,mieres,0,0,Roberto,Mieres,12/3/24,Argentine
644,mantovani,0,0,Sergio,Mantovani,5/22/29,Italian
645,bucci,0,0,Clemar,Bucci,9/4/20,Argentine
646,iglesias,0,0,Jesus,Iglesias,2/22/22,Argentine
647,ascari,0,0,Alberto,Ascari,7/13/18,Italian
648,kling,0,0,Karl,Kling,9/16/10,German
649,birger,0,0,Pablo,Birger,1/7/24,Argentine
650,pollet,0,0,Jacques,Pollet,7/2/22,French
651,macklin,0,0,Lance,Macklin,9/2/19,British
652,whiteaway,0,0,Ted,Whiteaway,11/1/28,British
653,davies,0,0,Jimmy,Davies,8/8/29,American
654,faulkner,0,0,Walt,Faulkner,2/16/20,American
655,niday,0,0,Cal,Niday,4/29/14,American
656,cross,0,0,Art,Cross,1/24/18,American
657,vukovich,0,0,Bill,Vukovich,12/13/18,American
658,mcgrath,0,0,Jack,McGrath,10/8/19,American
659,hoyt,0,0,Jerry,Hoyt,1/29/29,American
660,claes,0,0,Johnny,Claes,8/11/16,Belgian
661,peter_walker,0,0,Peter,Walker,10/7/12,British
662,sparken,0,0,Mike,Sparken,6/16/30,French
663,wharton,0,0,Ken,Wharton,3/21/16,British
664,mcalpine,0,0,Kenneth,McAlpine,9/21/20,British
665,marr,0,0,Leslie,Marr,8/14/22,British
666,rolt,0,0,Tony,Rolt,10/16/18,British
667,fitch,0,0,John,Fitch,8/4/17,American
668,lucas,0,0,Jean,Lucas,4/25/17,French
669,bira,0,0,Prince,Bira,7/15/14,Thai
670,marimon,0,0,Onofre,Marimon,12/19/23,Argentine
671,loyer,0,0,Roger,Loyer,8/5/07,French
672,daponte,0,0,Jorge,Daponte,6/5/23,Argentine
673,nazaruk,0,0,Mike,Nazaruk,10/2/21,American
674,crockett,0,0,Larry,Crockett,10/23/26,American
675,ayulo,0,0,Manny,Ayulo,10/20/21,American
676,armi,0,0,Frank,Armi,10/12/18,American
677,webb,0,0,Travis,Webb,10/8/10,American
678,duncan,0,0,Len,Duncan,7/25/11,American
679,mccoy,0,0,Ernie,McCoy,2/19/21,American
680,swaters,0,0,Jacques,Swaters,10/30/26,American
681,georges_berger,0,0,Georges,Berger,9/14/18,Belgian
682,beauman,0,0,Don,Beauman,7/26/28,British
683,thorne,0,0,Leslie,Thorne,6/23/16,British
684,whitehouse,0,0,Bill,Whitehouse,4/1/09,British
685,riseley_prichard,0,0,John,Riseley-Prichard,1/17/24,British
686,reg_parnell,0,0,Reg,Parnell,7/2/11,British
687,whitehead,0,0,Peter,Whitehead,11/12/14,British
688,brandon,0,0,Eric,Brandon,7/18/20,British
689,alan_brown,0,0,Alan,Brown,11/20/19,British
690,nuckey,0,0,Rodney,Nuckey,6/26/29,British
691,lang,0,0,Hermann,Lang,4/6/09,German
692,helfrich,0,0,Theo,Helfrich,5/13/13,German
693,wacker,0,0,Fred,Wacker,7/10/18,American
694,riu,0,0,Giovanni,de Riu,3/10/25,Italian
695,galvez,0,0,Oscar,Galvez,8/17/13,Argentine
696,john_barber,0,0,John,Barber,7/22/29,British
697,bonetto,0,0,Felice,Bonetto,6/9/03,Italian
698,cruz,0,0,Adolfo,Cruz,6/28/23,Argentine
699,nalon,0,0,Duke,Nalon,3/2/13,American
700,scarborough,0,0,Carl,Scarborough,7/3/14,American
701,holland,0,0,Bill,Holland,12/18/07,American
702,bob_scott,0,0,Bob,Scott,10/4/28,American
703,legat,0,0,Arthur,Legat,1898-11-01,Belgian
704,cabantous,0,0,Yves,Cabantous,10/8/04,French
705,crook,0,0,Tony,Crook,2/16/20,British
706,jimmy_stewart,0,0,Jimmy,Stewart,3/6/31,British
707,ian_stewart,0,0,Ian,Stewart,7/15/29,British
708,duncan_hamilton,0,0,Duncan,Hamilton,4/30/20,British
709,klodwig,0,0,Ernst,Klodwig,5/23/03,East German
710,krause,0,0,Rudolf,Krause,3/30/07,East German
711,karch,0,0,Oswald,Karch,3/6/17,German
712,heeks,0,0,Willi,Heeks,2/13/22,German
713,fitzau,0,0,Theo,Fitzau,2/10/23,East German
714,adolff,0,0,Kurt,Adolff,11/5/21,German
715,bechem,0,0,Gunther,Bechem,12/21/21,German
716,bauer,0,0,Erwin,Bauer,7/17/12,German
717,hans_stuck,0,0,Hans,von Stuck,12/27/00,German
718,loof,0,0,Ernst,Loof,7/4/07,German
719,scherrer,0,0,Albert,Scherrer,2/28/08,Swiss
720,terra,0,0,Max,de Terra,10/6/18,Swiss
721,hirt,0,0,Peter,Hirt,3/30/10,Swiss
722,carini,0,0,Piero,Carini,3/6/21,Italian
723,fischer,0,0,Rudi,Fischer,4/19/12,Swiss
724,ulmen,0,0,Toni,Ulmen,1/25/06,German
725,abecassis,0,0,George,Abecassis,3/21/13,British
726,george_connor,0,0,George,Connor,8/16/06,American
727,rigsby,0,0,Jim,Rigsby,6/6/23,American
728,james,0,0,Joe,James,5/23/25,American
729,schindler,0,0,Bill,Schindler,3/6/09,American
730,fonder,0,0,George,Fonder,6/22/17,American
731,banks,0,0,Henry,Banks,6/14/13,American
732,mcdowell,0,0,Johnny,McDowell,1/29/15,American
733,miller,0,0,Chet,Miller,7/19/02,American
734,ball,0,0,Bobby,Ball,8/26/25,American
735,tornaco,0,0,Charles,de Tornaco,6/7/27,Belgian
736,laurent,0,0,Roger,Laurent,2/21/13,Belgian
737,obrien,0,0,Robert,O'Brien,4/11/08,American
738,gaze,0,0,Tony,Gaze,2/3/20,Australian
739,charrington,0,0,Robin,Montgomerie-Charrington,6/23/15,British
740,comotti,0,0,Franco,Comotti,7/24/06,Italian
741,etancelin,0,0,Philippe,Etancelin,1896-12-28,French
742,poore,0,0,Dennis,Poore,8/19/16,British
743,thompson,0,0,Eric,Thompson,11/4/19,British
744,downing,0,0,Ken,Downing,12/5/17,British
745,graham_whitehead,0,0,Graham,Whitehead,4/15/22,British
746,bianco,0,0,Gino,Bianco,7/22/16,Brazilian
747,murray,0,0,David,Murray,12/28/09,British
748,cantoni,0,0,Eitel,Cantoni,10/4/06,Uruguayan
749,aston,0,0,Bill,Aston,3/29/00,British
750,brudes,0,0,Adolf,Brudes,1899-10-15,German
751,riess,0,0,Fritz,Riess,7/11/22,German
752,niedermayr,0,0,Helmut,Niedermayr,11/29/15,German
753,klenk,0,0,Hans,Klenk,10/28/19,German
754,balsa,0,0,Marcel,Balsa,1/1/09,French
755,schoeller,0,0,Rudolf,Schoeller,4/27/02,Swiss
756,pietsch,0,0,Paul,Pietsch,6/20/11,German
757,peters,0,0,Josef,Peters,9/16/14,German
758,lof,0,0,Dries,van der Lof,8/23/19,Dutch
759,flinterman,0,0,Jan,Flinterman,10/2/19,Dutch
760,dusio,0,0,Piero,Dusio,1899-10-13,Italian
761,crespo,0,0,Alberto,Crespo,1/16/20,Argentine
762,rol,0,0,Franco,Rol,6/5/08,Italian
763,sanesi,0,0,Consalvo,Sanesi,3/28/11,Italian
764,guy_mairesse,0,0,Guy,Mairesse,8/10/10,French
765,louveau,0,0,Henri,Louveau,1/25/10,French
766,wallard,0,0,Lee,Wallard,9/7/10,American
767,forberg,0,0,Carl,Forberg,3/4/11,American
768,rose,0,0,Mauri,Rose,5/26/06,American
769,mackey,0,0,Bill,Mackey,12/15/27,American
770,green,0,0,Cecil,Green,9/30/19,American
771,walt_brown,0,0,Walt,Brown,12/30/11,American
772,hellings,0,0,Mack,Hellings,9/14/15,American
773,levegh,0,0,Pierre,Levegh,12/22/05,French
774,chaboud,0,0,Eugene,Chaboud,4/12/07,French
775,gordini,0,0,Aldo,Gordini,5/20/21,French
776,kelly,0,0,Joe,Kelly,3/13/13,Irish
777,parker,0,0,Philip,Fotheringham-Parker,9/22/07,British
778,shawe_taylor,0,0,Brian,Shawe Taylor,1/28/15,British
779,john_james,0,0,John,James,5/10/14,British
780,branca,0,0,Toni,Branca,9/15/16,Swiss
781,richardson,0,0,Ken,Richardson,8/21/11,British
782,jover,0,0,Juan,Jover,11/23/03,Spanish
783,grignard,0,0,Georges,Grignard,7/25/05,French
784,hampshire,0,0,David,Hampshire,12/29/17,British
785,crossley,0,0,Geoff,Crossley,5/11/21,British
786,fagioli,0,0,Luigi,Fagioli,1898-06-09,Italian
787,harrison,0,0,Cuth,Harrison,7/6/06,British
788,fry,0,0,Joe,Fry,10/26/15,British
789,martin,0,0,Eugene,Martin,3/24/15,French
790,leslie_johnson,0,0,Leslie,Johnson,3/22/12,British
791,biondetti,0,0,Clemente,Biondetti,1898-08-18,Italian
792,pian,0,0,Alfredo,Pian,10/21/12,Argentine
793,sommer,0,0,Raymond,Sommer,8/31/06,French
794,chitwood,0,0,Joie,Chitwood,4/14/12,American
795,fohr,0,0,Myron,Fohr,6/17/12,American
796,ader,0,0,Walt,Ader,12/15/13,American
797,holmes,0,0,Jackie,Holmes,9/4/20,American
798,levrett,0,0,Bayliss,Levrett,2/14/14,American
799,jackson,0,0,Jimmy,Jackson,7/25/10,American
800,pagani,0,0,Nello,Pagani,10/11/11,Italian
801,pozzi,0,0,Charles,Pozzi,8/27/09,French
802,serafini,0,0,Dorino,Serafini,7/22/09,Italian
803,cantrell,0,0,Bill,Cantrell,1/31/08,American
804,mantz,0,0,Johnny,Mantz,9/18/18,American
805,kladis,0,0,Danny,Kladis,2/10/17,American
806,oscar_gonzalez,0,0,Oscar,Gonzalez,11/10/23,Uruguayan
807,hulkenberg,27,HUL,Nico,Hulkenberg,8/19/87,German
808,petrov,0,PET,Vitaly,Petrov,9/8/84,Russian
810,grassi,0,DIG,Lucas,di Grassi,8/11/84,Brazilian
811,bruno_senna,0,SEN,Bruno,Senna,10/15/83,Brazilian
812,chandhok,0,CHA,Karun,Chandhok,1/19/84,Indian
813,maldonado,13,MAL,Pastor,Maldonado,3/9/85,Venezuelan
814,resta,0,DIR,Paul,di Resta,4/16/86,British
815,perez,11,PER,Sergio,Perez,1/26/90,Mexican
816,ambrosio,0,DAM,Jerome,d'Ambrosio,12/27/85,Belgian
817,ricciardo,3,RIC,Daniel,Ricciardo,7/1/89,Australian
818,vergne,25,VER,Jean-Eric,Vergne,4/25/90,French
819,pic,0,PIC,Charles,Pic,2/15/90,French
820,chilton,4,CHI,Max,Chilton,4/21/91,British
821,gutierrez,21,GUT,Esteban,Gutierrez,8/5/91,Mexican
822,bottas,77,BOT,Valtteri,Bottas,8/28/89,Finnish
823,garde,0,VDG,Giedo,van der Garde,4/25/85,Dutch
824,jules_bianchi,17,BIA,Jules,Bianchi,8/3/89,French
825,kevin_magnussen,20,MAG,Kevin,Magnussen,10/5/92,Danish
826,kvyat,26,KVY,Daniil,Kvyat,4/26/94,Russian
827,lotterer,45,LOT,Andre,Lotterer,11/19/81,German
828,ericsson,9,ERI,Marcus,Ericsson,9/2/90,Swedish
829,stevens,28,STE,Will,Stevens,6/28/91,British
830,max_verstappen,33,VER,Max,Verstappen,9/30/97,Dutch
831,nasr,12,NAS,Felipe,Nasr,8/21/92,Brazilian
832,sainz,55,SAI,Carlos,Sainz,9/1/94,Spanish
833,merhi,98,MER,Roberto,Merhi,3/22/91,Spanish
834,rossi,53,RSS,Alexander,Rossi,9/25/91,American
835,jolyon_palmer,30,PAL,Jolyon,Palmer,1/20/91,British
836,wehrlein,94,WEH,Pascal,Wehrlein,10/18/94,German
837,haryanto,88,HAR,Rio,Haryanto,1/22/93,Indonesian
838,vandoorne,2,VAN,Stoffel,Vandoorne,3/26/92,Belgian
839,ocon,31,OCO,Esteban,Ocon,9/17/96,French
840,stroll,18,STR,Lance,Stroll,10/29/98,Canadian
841,giovinazzi,99,GIO,Antonio,Giovinazzi,12/14/93,Italian
843,brendon_hartley,28,HAR,Brendon,Hartley,11/10/89,New Zealander
844,leclerc,16,LEC,Charles,Leclerc,10/16/97,Monegasque
845,sirotkin,35,SIR,Sergey,Sirotkin,8/27/95,Russian
846,norris,4,NOR,Lando,Norris,11/13/99,British
847,russell,63,RUS,George,Russell,2/15/98,British
848,albon,23,ALB,Alexander,Albon,3/23/96,Thai
849,latifi,6,LAT,Nicholas,Latifi,6/29/95,Canadian
850,pietro_fittipaldi,51,FIT,Pietro,Fittipaldi,6/25/96,Brazilian
851,aitken,89,AIT,Jack,Aitken,9/23/95,British
852,tsunoda,22,TSU,Yuki,Tsunoda,5/11/00,Japanese
853,mazepin,9,MAZ,Nikita,Mazepin,3/2/99,Russian
854,mick_schumacher,47,MSC,Mick,Schumacher,3/22/99,German
855,zhou,24,ZHO,Guanyu,Zhou,5/30/99,Chinese
856,de_vries,45,DEV,Nyck,de Vries,2/6/95,Dutch
857,piastri,81,PIA,Oscar,Piastri,4/6/01,Australian
858,sargeant,2,SAR,Logan,Sargeant,12/31/00,American